m,scenario,effect,detector,power_column,target,crossover_length,status
2,exact_orbit,0.08,full,power_calibrated,0.5,649.4034478339153,internal
2,exact_orbit,0.08,fundamental,power_calibrated,0.5,649.4034478339153,internal
2,exact_orbit,0.08,shared_orbit,power_calibrated,0.5,477.51814534330805,internal
2,exact_orbit,0.12,full,power_calibrated,0.5,276.29629495795996,internal
2,exact_orbit,0.12,fundamental,power_calibrated,0.5,276.29629495795996,internal
2,exact_orbit,0.12,shared_orbit,power_calibrated,0.5,215.83781431202996,internal
2,exact_orbit,0.18,full,power_calibrated,0.5,200.0,below_grid
2,exact_orbit,0.18,fundamental,power_calibrated,0.5,200.0,below_grid
2,exact_orbit,0.18,shared_orbit,power_calibrated,0.5,200.0,below_grid
2,exact_orbit,0.25,full,power_calibrated,0.5,200.0,below_grid
2,exact_orbit,0.25,fundamental,power_calibrated,0.5,200.0,below_grid
2,exact_orbit,0.25,shared_orbit,power_calibrated,0.5,200.0,below_grid
2,independent_fundamental,0.08,full,power_calibrated,0.5,1016.3488292899831,internal
2,independent_fundamental,0.08,fundamental,power_calibrated,0.5,1016.3488292899831,internal
2,independent_fundamental,0.08,shared_orbit,power_calibrated,0.5,611.1685254317184,internal
2,independent_fundamental,0.12,full,power_calibrated,0.5,436.4831393534879,internal
2,independent_fundamental,0.12,fundamental,power_calibrated,0.5,436.4831393534879,internal
2,independent_fundamental,0.12,shared_orbit,power_calibrated,0.5,254.48153437237247,internal
2,independent_fundamental,0.18,full,power_calibrated,0.5,209.7241720284339,internal
2,independent_fundamental,0.18,fundamental,power_calibrated,0.5,209.7241720284339,internal
2,independent_fundamental,0.18,shared_orbit,power_calibrated,0.5,200.0,below_grid
2,independent_fundamental,0.25,full,power_calibrated,0.5,200.0,below_grid
2,independent_fundamental,0.25,fundamental,power_calibrated,0.5,200.0,below_grid
2,independent_fundamental,0.25,shared_orbit,power_calibrated,0.5,200.0,below_grid
3,exact_orbit,0.08,full,power_calibrated,0.5,1083.1234265704352,internal
3,exact_orbit,0.08,fundamental,power_calibrated,0.5,1083.1234265704352,internal
3,exact_orbit,0.08,shared_orbit,power_calibrated,0.5,854.9312346396448,internal
3,exact_orbit,0.12,full,power_calibrated,0.5,435.92731080771927,internal
3,exact_orbit,0.12,fundamental,power_calibrated,0.5,435.92731080771927,internal
3,exact_orbit,0.12,shared_orbit,power_calibrated,0.5,342.7192022486072,internal
3,exact_orbit,0.18,full,power_calibrated,0.5,200.81713200020744,internal
3,exact_orbit,0.18,fundamental,power_calibrated,0.5,200.81713200020744,internal
3,exact_orbit,0.18,shared_orbit,power_calibrated,0.5,200.0,below_grid
3,exact_orbit,0.25,full,power_calibrated,0.5,200.0,below_grid
3,exact_orbit,0.25,fundamental,power_calibrated,0.5,200.0,below_grid
3,exact_orbit,0.25,shared_orbit,power_calibrated,0.5,200.0,below_grid
3,independent_fundamental,0.08,full,power_calibrated,0.5,6214.761486294319,internal
3,independent_fundamental,0.08,fundamental,power_calibrated,0.5,6214.761486294319,internal
3,independent_fundamental,0.08,shared_orbit,power_calibrated,0.5,4434.157884738229,internal
3,independent_fundamental,0.12,full,power_calibrated,0.5,3489.624744528828,internal
3,independent_fundamental,0.12,fundamental,power_calibrated,0.5,3489.624744528828,internal
3,independent_fundamental,0.12,shared_orbit,power_calibrated,0.5,1673.9881281756095,internal
3,independent_fundamental,0.18,full,power_calibrated,0.5,1352.309003716216,internal
3,independent_fundamental,0.18,fundamental,power_calibrated,0.5,1352.309003716216,internal
3,independent_fundamental,0.18,shared_orbit,power_calibrated,0.5,1029.7323770475546,internal
3,independent_fundamental,0.25,full,power_calibrated,0.5,744.8279524830054,internal
3,independent_fundamental,0.25,fundamental,power_calibrated,0.5,744.8279524830054,internal
3,independent_fundamental,0.25,shared_orbit,power_calibrated,0.5,440.3387664021129,internal
4,exact_orbit,0.08,full,power_calibrated,0.5,1810.5347338203776,internal
4,exact_orbit,0.08,fundamental,power_calibrated,0.5,1477.3011908231438,internal
4,exact_orbit,0.08,shared_orbit,power_calibrated,0.5,1243.5250254167356,internal
4,exact_orbit,0.12,full,power_calibrated,0.5,727.1831853933281,internal
4,exact_orbit,0.12,fundamental,power_calibrated,0.5,613.4821113215808,internal
4,exact_orbit,0.12,shared_orbit,power_calibrated,0.5,531.034293518476,internal
4,exact_orbit,0.18,full,power_calibrated,0.5,348.22022531844954,internal
4,exact_orbit,0.18,fundamental,power_calibrated,0.5,285.2835763941952,internal
4,exact_orbit,0.18,shared_orbit,power_calibrated,0.5,237.02399427533496,internal
4,exact_orbit,0.25,full,power_calibrated,0.5,200.0,below_grid
4,exact_orbit,0.25,fundamental,power_calibrated,0.5,200.0,below_grid
4,exact_orbit,0.25,shared_orbit,power_calibrated,0.5,200.0,below_grid
4,higher_mode,0.08,full,power_calibrated,0.5,1316.3931493273717,internal
4,higher_mode,0.08,fundamental,power_calibrated,0.5,,above_grid
4,higher_mode,0.08,shared_orbit,power_calibrated,0.5,,above_grid
4,higher_mode,0.12,full,power_calibrated,0.5,523.4062074641707,internal
4,higher_mode,0.12,fundamental,power_calibrated,0.5,,above_grid
4,higher_mode,0.12,shared_orbit,power_calibrated,0.5,,above_grid
4,higher_mode,0.18,full,power_calibrated,0.5,260.38478697953195,internal
4,higher_mode,0.18,fundamental,power_calibrated,0.5,,above_grid
4,higher_mode,0.18,shared_orbit,power_calibrated,0.5,4935.074641305412,internal
4,higher_mode,0.25,full,power_calibrated,0.5,200.0,below_grid
4,higher_mode,0.25,fundamental,power_calibrated,0.5,2037.0183857874229,internal
4,higher_mode,0.25,shared_orbit,power_calibrated,0.5,1554.914002676178,internal
4,independent_fundamental,0.08,full,power_calibrated,0.5,,above_grid
4,independent_fundamental,0.08,fundamental,power_calibrated,0.5,,above_grid
4,independent_fundamental,0.08,shared_orbit,power_calibrated,0.5,4904.383872664907,internal
4,independent_fundamental,0.12,full,power_calibrated,0.5,3141.3947367896167,internal
4,independent_fundamental,0.12,fundamental,power_calibrated,0.5,2715.522467629104,internal
4,independent_fundamental,0.12,shared_orbit,power_calibrated,0.5,2133.227588852061,internal
4,independent_fundamental,0.18,full,power_calibrated,0.5,1411.6933552955443,internal
4,independent_fundamental,0.18,fundamental,power_calibrated,0.5,1303.4156813849522,internal
4,independent_fundamental,0.18,shared_orbit,power_calibrated,0.5,864.9296422759373,internal
4,independent_fundamental,0.25,full,power_calibrated,0.5,768.4913309380939,internal
4,independent_fundamental,0.25,fundamental,power_calibrated,0.5,699.7776326539303,internal
4,independent_fundamental,0.25,shared_orbit,power_calibrated,0.5,519.2909956978507,internal
5,exact_orbit,0.08,full,power_calibrated,0.5,2513.9755858681488,internal
5,exact_orbit,0.08,fundamental,power_calibrated,0.5,2252.580085248628,internal
5,exact_orbit,0.08,shared_orbit,power_calibrated,0.5,1887.0951182357828,internal
5,exact_orbit,0.12,full,power_calibrated,0.5,1186.8828942856783,internal
5,exact_orbit,0.12,fundamental,power_calibrated,0.5,865.0490596794915,internal
5,exact_orbit,0.12,shared_orbit,power_calibrated,0.5,647.8465677201245,internal
5,exact_orbit,0.18,full,power_calibrated,0.5,572.9933988330512,internal
5,exact_orbit,0.18,fundamental,power_calibrated,0.5,397.9207696243209,internal
5,exact_orbit,0.18,shared_orbit,power_calibrated,0.5,361.2358749587919,internal
5,exact_orbit,0.25,full,power_calibrated,0.5,275.52531416646804,internal
5,exact_orbit,0.25,fundamental,power_calibrated,0.5,209.70715249677056,internal
5,exact_orbit,0.25,shared_orbit,power_calibrated,0.5,200.0,below_grid
5,higher_mode,0.08,full,power_calibrated,0.5,2597.743338322701,internal
5,higher_mode,0.08,fundamental,power_calibrated,0.5,,above_grid
5,higher_mode,0.08,shared_orbit,power_calibrated,0.5,,above_grid
5,higher_mode,0.12,full,power_calibrated,0.5,1045.3867780019277,internal
5,higher_mode,0.12,fundamental,power_calibrated,0.5,,above_grid
5,higher_mode,0.12,shared_orbit,power_calibrated,0.5,,above_grid
5,higher_mode,0.18,full,power_calibrated,0.5,468.1574657756184,internal
5,higher_mode,0.18,fundamental,power_calibrated,0.5,,above_grid
5,higher_mode,0.18,shared_orbit,power_calibrated,0.5,,above_grid
5,higher_mode,0.25,full,power_calibrated,0.5,242.7261607560795,internal
5,higher_mode,0.25,fundamental,power_calibrated,0.5,6321.271421041291,internal
5,higher_mode,0.25,shared_orbit,power_calibrated,0.5,6096.141822490166,internal
5,independent_fundamental,0.08,full,power_calibrated,0.5,,above_grid
5,independent_fundamental,0.08,fundamental,power_calibrated,0.5,,above_grid
5,independent_fundamental,0.08,shared_orbit,power_calibrated,0.5,4935.074641305412,internal
5,independent_fundamental,0.12,full,power_calibrated,0.5,3930.1477032246153,internal
5,independent_fundamental,0.12,fundamental,power_calibrated,0.5,3414.4167450235004,internal
5,independent_fundamental,0.12,shared_orbit,power_calibrated,0.5,2209.133661406781,internal
5,independent_fundamental,0.18,full,power_calibrated,0.5,1673.4438062362121,internal
5,independent_fundamental,0.18,fundamental,power_calibrated,0.5,1271.6896265601601,internal
5,independent_fundamental,0.18,shared_orbit,power_calibrated,0.5,997.5822214383406,internal
5,independent_fundamental,0.25,full,power_calibrated,0.5,919.843795564209,internal
5,independent_fundamental,0.25,fundamental,power_calibrated,0.5,654.5603962903888,internal
5,independent_fundamental,0.25,shared_orbit,power_calibrated,0.5,491.1951433641642,internal
6,exact_orbit,0.08,full,power_calibrated,0.5,3981.255389198074,internal
6,exact_orbit,0.08,fundamental,power_calibrated,0.5,3320.839139832258,internal
6,exact_orbit,0.08,shared_orbit,power_calibrated,0.5,2543.5120078015934,internal
6,exact_orbit,0.12,full,power_calibrated,0.5,1745.7634267902674,internal
6,exact_orbit,0.12,fundamental,power_calibrated,0.5,1228.0697609045544,internal
6,exact_orbit,0.12,shared_orbit,power_calibrated,0.5,1044.4093581678476,internal
6,exact_orbit,0.18,full,power_calibrated,0.5,960.8083604434125,internal
6,exact_orbit,0.18,fundamental,power_calibrated,0.5,571.4811379787332,internal
6,exact_orbit,0.18,shared_orbit,power_calibrated,0.5,487.60546168178996,internal
6,exact_orbit,0.25,full,power_calibrated,0.5,411.0955297726428,internal
6,exact_orbit,0.25,fundamental,power_calibrated,0.5,292.53537848362345,internal
6,exact_orbit,0.25,shared_orbit,power_calibrated,0.5,253.71261710417207,internal
6,higher_mode,0.08,full,power_calibrated,0.5,2946.222948575297,internal
6,higher_mode,0.08,fundamental,power_calibrated,0.5,,above_grid
6,higher_mode,0.08,shared_orbit,power_calibrated,0.5,,above_grid
6,higher_mode,0.12,full,power_calibrated,0.5,1367.7404978298987,internal
6,higher_mode,0.12,fundamental,power_calibrated,0.5,,above_grid
6,higher_mode,0.12,shared_orbit,power_calibrated,0.5,,above_grid
6,higher_mode,0.18,full,power_calibrated,0.5,598.3879324735937,internal
6,higher_mode,0.18,fundamental,power_calibrated,0.5,,above_grid
6,higher_mode,0.18,shared_orbit,power_calibrated,0.5,,above_grid
6,higher_mode,0.25,full,power_calibrated,0.5,293.49447262223157,internal
6,higher_mode,0.25,fundamental,power_calibrated,0.5,,above_grid
6,higher_mode,0.25,shared_orbit,power_calibrated,0.5,,above_grid
6,independent_fundamental,0.08,full,power_calibrated,0.5,,above_grid
6,independent_fundamental,0.08,fundamental,power_calibrated,0.5,,above_grid
6,independent_fundamental,0.08,shared_orbit,power_calibrated,0.5,5555.78308241548,internal
6,independent_fundamental,0.12,full,power_calibrated,0.5,4394.162567314464,internal
6,independent_fundamental,0.12,fundamental,power_calibrated,0.5,3331.418087519708,internal
6,independent_fundamental,0.12,shared_orbit,power_calibrated,0.5,2755.6365725847118,internal
6,independent_fundamental,0.18,full,power_calibrated,0.5,2056.784646225827,internal
6,independent_fundamental,0.18,fundamental,power_calibrated,0.5,1392.8809012737984,internal
6,independent_fundamental,0.18,shared_orbit,power_calibrated,0.5,1201.5513058716053,internal
6,independent_fundamental,0.25,full,power_calibrated,0.5,1023.4875774926662,internal
6,independent_fundamental,0.25,fundamental,power_calibrated,0.5,711.6071868293651,internal
6,independent_fundamental,0.25,shared_orbit,power_calibrated,0.5,583.3265733802151,internal
